{
	"perspectivecamera" : {
		"center" : [0, 0, 10],
		"direction" : [0, 0, -1],
		"up" : [0, 1, 0],
		"angle" : 30
	},
	"background" : {
		"color" : [0.2, 0, 0.6],
		"ambient" : [0.1, 0.1, 0.1]
	},
	"light" : {
		"direction" : [-0.5, -0.5, -1],
		"color" : [0.9, 0.9, 0.9]
	},
	"group" : [
		{ 
			"sphere" : {
				"center" : [0, 0, 0],
				"radius" : 1,
				"color" : [1, 0, 0]
			}
		},
		{ 
			"sphere" : {
				"center" : [1, 1, 1],
				"radius" : 0.75,
				"color" : [0, 1, 0]
			}
		},
		{ 
			"sphere" : {
				"center" : [-1, -1, 1],
				"radius" : 0.75,
				"color" : [0, 1, 0]
			}
		},
		{ 
			"sphere" : {
				"center" : [-1, 1, -1],
				"radius" : 0.75,
				"color" : [0, 0, 1]
			}
		},
		{ 
			"sphere" : {
				"center" : [1, -1, -1],
				"radius" : 0.75,
				"color" : [0, 0, 1]
			}
		}
	]
}