<?xml version="1.0" encoding="UTF-8"?>
<project-private xmlns="http://www.netbeans.org/ns/project-private/1">
    <editor-bookmarks xmlns="http://www.netbeans.org/ns/editor-bookmarks/2" lastBookmarkId="0"/>
    <open-files xmlns="http://www.netbeans.org/ns/projectui-open-files/2">
        <group>
            <file>file:/G:/1Üni3/üni%203/CENG415_AppCompGraphics/RayCaster/src/raycaster/Ray.java</file>
            <file>file:/G:/1Üni3/üni%203/CENG415_AppCompGraphics/RayCaster/src/raycaster/Transformation.java</file>
            <file>file:/G:/1Üni3/üni%203/CENG415_AppCompGraphics/RayCaster/scene7_squashed_rotated_sphere.json</file>
            <file>file:/G:/1Üni3/üni%203/CENG415_AppCompGraphics/RayCaster/scene6_squashed_sphere.jpg</file>
            <file>file:/G:/1Üni3/üni%203/CENG415_AppCompGraphics/RayCaster/src/raycaster/Plane.java</file>
            <file>file:/G:/1Üni3/üni%203/CENG415_AppCompGraphics/RayCaster/src/raycaster/RayCaster.java</file>
            <file>file:/G:/1Üni3/üni%203/CENG415_AppCompGraphics/RayCaster/src/raycaster/Sphere.java</file>
            <file>file:/G:/1Üni3/üni%203/CENG415_AppCompGraphics/RayCaster/src/raycaster/PerspectiveCamera.java</file>
            <file>file:/G:/1Üni3/üni%203/CENG415_AppCompGraphics/RayCaster/scene6_squashed_sphere.json</file>
            <file>file:/G:/1Üni3/üni%203/CENG415_AppCompGraphics/RayCaster/src/raycaster/Triangle.java</file>
        </group>
    </open-files>
</project-private>
